CompanyName,Website,LinkedIn,Sub Industry,Country,Employees
1st Dibs,https://www.1stdibs.com/fr/,https://www.linkedin.com/company/1stdibs/,Furniture,United States,200-500
abc carpet & home,http://www.abchome.com/,http://www.linkedin.com/company/abc-carpet-&-home,Furniture,United States,450
Actona Group A/S,http://www.actonagroup.com/,http://www.linkedin.com/company/actona-group-as,HoldCo,Denmark,3‚-000
Adeo Services,https://www.adeo.com/,http://www.linkedin.com/company/adeo-services,HoldCo,France,1‚-600
Agata S.A.,http://www.agatameble.pl/,http://www.linkedin.com/company/agata-s-a,Furniture,Poland,580
Albany Industries Inc,http://www.albanyindustries.com/,http://www.linkedin.com/company/albany-industries-inc,Furniture,United States,700
Alborada,http://www.alborada.es/,http://www.linkedin.com/company/alborada,Furniture,Spain,370
Alfred Williams & Company,http://www.alfredwilliams.com/,http://www.linkedin.com/company/alfred-williams-&-company,Furniture,United States,340
Allsteel,http://www.allsteeloffice.com/,http://www.linkedin.com/company/allsteel,Furniture,United States,810
Altèra,http://www.altera.design/,http://www.linkedin.com/company/alt%c3%a8ra-contract,Furniture,Italy,350
American Furniture Warehouse,http://www.afw.com/,http://www.linkedin.com/company/afwonline,Furniture,United States,3‚-500
American Leather 美国皮革,http://www.americanleather.com/,http://www.linkedin.com/company/american-leather,Furniture,United States,600
Andreu World,http://www.andreuworld.com/,http://www.linkedin.com/company/andreuworld,Furniture,Spain,510
Angie's Upholstery,http://www.angiesupholstery.com/,http://www.linkedin.com/company/anderson-&-denardo-inc.,Furniture,United States,470
Anthropologie Home,https://www.urbn.com/our-brands,https://www.linkedin.com/company/anthropologie/,HoldCo,United States,"5,000-10,000"
Aquinos Group,http://www.aquinosgroup.com/,http://www.linkedin.com/company/aquinosgroup,HoldCo,Portugal,"1,000-5,000"
Aramis Group,http://www.aramisgroup.ro/,http://www.linkedin.com/company/descoperaaramisgroup,HoldCo,Romania,310
Architectural Digest,http://www.architecturaldigest.com/,http://www.linkedin.com/company/architectural-digest-adpro,Furniture,United States,2‚-000
Arhaus,https://www.arhaus.com/,https://www.linkedin.com/company/arhaus-furniture/,Furniture,United States,"1,000-5,000"
Art van Furniture,http://www.artvan.com/,http://www.linkedin.com/company/art-van-furniture,Furniture,United States,1‚-200
Artek,http://www.artek.fi/,http://www.linkedin.com/company/artek,Furniture,Finland,210
Article,http://www.article.com/,http://www.linkedin.com/company/article.com,Furniture,Canada,750
Artopex,http://www.artopex.com/,http://www.linkedin.com/company/artopex,Furniture,Canada,230
Ashley Furniture Homestores,http://www.ashleyhomestores.com/,http://www.linkedin.com/company/ashley-furniture-homestores,Furniture,United States,35‚-000
Ashley Furniture Industries,http://www.ashleyfurnitureindustriesllc.com/,http://www.linkedin.com/company/ashley-furniture-industries,Furniture,United States,35‚-000
Ashley Global Retail,http://www.ashleyfurniture.com/,http://www.linkedin.com/company/ashley-global-retail,Furniture,United States,700
Associated British Foods plc (owner of Primark),https://www.abf.co.uk/,https://www.linkedin.com/company/associated-british-foods-plc,HoldCo,United Kingdom,">10,000"
Atmosphere Commercial Interiors,http://www.atmosphereci.com/,http://www.linkedin.com/company/atmosphereci,Furniture,United States,300
B&B Italia,http://www.bebitalia.com/,http://www.linkedin.com/company/b&b-italia-spa,Furniture,Italy,600
"Baber's, Inc",http://www.babers.com/,http://www.linkedin.com/company/baber's,Furniture,United States,260
Baker-McGuire,http://www.bakerfurniture.com/,http://www.linkedin.com/company/baker-mcguire,Furniture,United States,530
Ballard Designs,http://www.ballarddesigns.com/,http://www.linkedin.com/company/ballard-designs,Furniture,United States,340
Ballard Designs,https://www.ballarddesigns.com/,https://www.linkedin.com/company/ballard-designs/about/,Furniture,United States,200-500
Balsam Brands,http://www.balsambrands.com/,http://www.linkedin.com/company/balsam-brands,HoldCo,United States,200-500
Barker and Stonehouse,http://www.barkerandstonehouse.co.uk/,http://www.linkedin.com/company/barker-and-stonehouse,Furniture,United Kingdom,390
Bassett Furniture Industries Inc.,http://www.bassettfurniture.com/,http://www.linkedin.com/company/bassett-furniture-industries,Furniture,United States,1‚-300
Bbb,http://www.bbbitalia.it/,http://www.linkedin.com/company/bbb-italia,Furniture,Italy,400
Bed Bath & Beyond Inc. ,https://www.bedbathandbeyond.com/,https://www.linkedin.com/company/bed-bath-and-beyond-bbbt/about/,Furniture,United States,"500-1,000"
Bel Furniture,http://www.belfurniture.com/,http://www.linkedin.com/company/bel-furniture,Furniture,United States,300
Bene,http://www.bene.com/,http://www.linkedin.com/company/bene,Furniture,Austria,440
Bensons for Beds,http://www.bensonsforbeds.co.uk/,http://www.linkedin.com/company/bensons-for-beds,Furniture,United Kingdom,2‚-900
Bernhardt Design,http://www.bernhardtdesign.com/,http://www.linkedin.com/company/bernhardtdesign,Furniture,United States,210
Bernie & Phyl's Furniture,https://bernieandphyls.com/,https://www.linkedin.com/company/bernie-&-phyl's-furniture,Furniture,United States,"501—1,000"
Black Red White,http://www.brw.pl/,http://www.linkedin.com/company/black-red-white,Furniture,Poland,6‚-000
Blu Dot,http://www.bludot.com/,http://www.linkedin.com/company/blu-dot,Furniture,United States,270
Bob's Discount Furniture,http://www.mybobs.com/,http://www.linkedin.com/company/bobs-discount-furniture,Furniture,United States,5‚-100
Bobs Discount Furniture,https://www.mybobs.com/,https://www.linkedin.com/company/bobs-discount-furniture/,Furniture,United States,"5,000-10,000"
BoConcept,http://www.boconcept.com/,http://www.linkedin.com/company/boconcept,Furniture,Denmark,1‚-400
Bohus AS,http://www.bohus.no/,http://www.linkedin.com/company/bohus-holding-as,Furniture,Norway,1‚-300
BOLIA,http://www.bolia.com/,http://www.linkedin.com/company/boliacom,Furniture,Denmark,530
Boston Fam | d.b.a. Furniture & Appliancemart and Ashley,http://www.joinbfd.com/,http://www.linkedin.com/company/bostonfam,Furniture,United States,510
Broad River Retail,http://www.broadriverretail.com/,http://www.linkedin.com/company/broad-river-retail,Furniture,United States,700
California Closets,http://www.californiaclosets.com/,http://www.linkedin.com/company/california-closets,Furniture,United States,2‚-200
Canadel Inc.,http://www.canadel.com/,http://www.linkedin.com/company/canadel-furniture,Furniture,Canada,610
Cantoni,http://www.cantoni.com/,http://www.linkedin.com/company/cantoni,Furniture,United States,290
Carl Hansen & Søn,http://www.carlhansen.com/,http://www.linkedin.com/company/carlhansenandson,Furniture,Denmark,300
Casa Bella,http://www.casabellaonline.com/,http://www.linkedin.com/company/casa-bella,Furniture,United States,220
CB2,https://www.cb2.com/,https://www.linkedin.com/company/cb2/,Furniture,United States,"500-1,000"
Century Furniture,http://www.centuryfurniture.com/,http://www.linkedin.com/company/century-furniture,Furniture,United States,360
City Furniture,http://www.cityfurniture.com/,http://www.linkedin.com/company/city-furniture,Furniture,United States,2‚-000
City Mattress,http://www.citymattress.com/,http://www.linkedin.com/company/city-mattress,Furniture,United States,220
Coaster Company of America,http://www.coasterfurniture.com/,http://www.linkedin.com/company/coaster-company-of-america,Furniture,United States,340
Coleto Brands,https://progresslighting.com/,https://www.linkedin.com/company/coleto-brands/,HoldCo,United States,200-500
Contemporary Office Interiors Ltd.,http://www.coi.ca/,http://www.linkedin.com/company/contemporary-office-interiors,Furniture,Canada,210
Crate and Barrel,http://www.crateandbarrel.com/,http://www.linkedin.com/company/crate-&-barrel,Furniture,United States,7‚-500
Creative Office Resources,http://www.creativeofficeresources.com/,http://www.linkedin.com/company/creative-office-resources,Furniture,United States,530
Dams Furniture,http://www.dams.com/,http://www.linkedin.com/company/dams-international,Furniture,United Kingdom,250
Darty,http://www.fnacdarty.com/,http://www.linkedin.com/company/darty,HoldCo,France,30‚-000
Darvin Furniture & Mattress,http://www.darvin.com/,http://www.linkedin.com/company/darvin-furniture,Furniture,United States,250
De Mandemakers Groep,http://www.werkenbijmandemakers.nl/,http://www.linkedin.com/company/demandemakersgroep,HoldCo,Netherlands,"5,000-10,000"
Dedon,http://www.dedon.de/,http://www.linkedin.com/company/dedon,Furniture,Germany,260
delta,http://www.deltamobleandorra.com/,http://www.linkedin.com/company/deltamoble,Furniture,Andorra,260
Delta Children,http://www.deltachildren.com/,http://www.linkedin.com/company/delta-children's-products,Furniture,United States,280
Design Plus,http://www.design-plus.com/,http://www.linkedin.com/company/design-plus,Furniture,United States,390
Design Within Reach,http://www.dwr.com/,http://www.linkedin.com/company/design-within-reach,Furniture,United States,880
DFS,http://www.dfs.co.uk/,http://www.linkedin.com/company/dfsfurniture,Furniture,United Kingdom,3‚-000
Domayne,http://www.domayneonline.com.au/,http://www.linkedin.com/company/domayne,Furniture,Australia,270
Dondi Salotti,http://www.dondisalotti.com/,http://www.linkedin.com/company/dondi-salotti,Furniture,Italy,240
Downtown,http://www.downtownstores.co.uk/,http://www.linkedin.com/company/oldrids,Furniture,United Kingdom,450
Dreams,http://www.dreams.co.uk/,http://www.linkedin.com/company/dreams,Furniture,United Kingdom,2‚-300
Dunelm,http://www.dunelm.com/,http://www.linkedin.com/company/dunelm-soft-furnishings-ltd,Furniture,United Kingdom,12‚-000
Early Settler,http://www.earlysettler.com.au/,http://www.linkedin.com/company/earlysettler,Furniture,Australia,300
Ebanista,http://www.ebanista.com/,http://www.linkedin.com/company/ebanista-inc.,Furniture,United States,230
Eijerkamp Retail Groep,http://www.eijerkamp.nl/,http://www.linkedin.com/company/eijerkamp-retail-groep,Furniture,Netherlands,350
Ekornes,http://www.ekornes.com/,http://www.linkedin.com/company/ekornes,Furniture,Norway,2‚-800
El Dorado Furniture,http://www.eldoradofurniture.com/,http://www.linkedin.com/company/el-dorado-furniture,Furniture,United States,420
Ellos Group,http://www.ellosgroup.com/,http://www.linkedin.com/company/ellos-group,HoldCo,Sweden,510
Elte,http://www.elte.com/,http://www.linkedin.com/company/elte,Furniture,Canada,430
Emma ‚Äì the Sleep Company,http://www.emma-sleep.com/,http://www.linkedin.com/company/lifeatemma,Furniture,Germany,1‚-300
Enterijer Janković,http://www.enterijer-jankovic.co.rs/,http://www.linkedin.com/company/enterijer-jankovi%c4%87,Furniture,Serbia,700
EQ3,http://www.eq3.com/,http://www.linkedin.com/company/eq3,Furniture,Canada,320
Ersa Furniture,http://www.ersafurniture.us/,http://www.linkedin.com/company/ersa-furnitureus,Furniture,United States,270
eSolutions Furniture,http://www.esolutionsfurniture.com/,http://www.linkedin.com/company/esolutions-furniture-group,Furniture,Canada,650
Ethan Allen Global Inc.,http://www.ethanallen.com/,http://www.linkedin.com/company/ethan-allen,Furniture,United States,3‚-300
Ez Living Furniture,http://www.ezlivingfurniture.ie/,http://www.linkedin.com/company/ez-living-furniture,Furniture,Ireland,250
"Fabryki Mebli ""Forte""‚Äã S.A.",http://www.forte.com.pl/,http://www.linkedin.com/company/meble-forte,Furniture,Poland,2‚-200
Famsa Inc.,http://www.famsafurniture.com/,http://www.linkedin.com/company/famsa-inc.,Furniture,United States,250
Fantastic Furniture,http://www.fantasticfurniture.com.au/,http://www.linkedin.com/company/fantastic-furniture,Furniture,Australia,600
Farmers Home Furniture,http://www.farmershomefurniture.com/,http://www.linkedin.com/company/farmers-home-furniture,Furniture,United States,1‚-300
Fbd Group,http://www.fbd-group.com/,http://www.linkedin.com/company/fbd-group,HoldCo,France,1‚-500
Fermob,http://www.fermob.com/,http://www.linkedin.com/company/fermob,Furniture,France,260
Flokk,http://www.flokk.com/,http://www.linkedin.com/company/flokkdesign,Furniture,Norway,
Forma Ideale doo,http://www.formaideale.rs/,http://www.linkedin.com/company/forma-ideale-doo,Furniture,Serbia,1‚-900
Forty Winks,http://www.fortywinks.com.au/,http://www.linkedin.com/company/forty-winks,Furniture,Australia,320
Four Hands,http://www.fourhands.com/,http://www.linkedin.com/company/four-hands,Furniture,United States,690
Fournier Groupe,http://www.fourniergroupe.com/,http://www.linkedin.com/company/fournier-groupe,HoldCo,France,"1,000-5,000"
Frame,http://www.frame-store.com/,http://www.linkedin.com/company/frame-denim,Furniture,United States,610
Franklin Corporation,http://www.franklincorp.com/,http://www.linkedin.com/company/franklincorporation,Furniture,United States,940
Frasers Group,http://www.frasers.group/,http://www.linkedin.com/company/frasers-group,HoldCo,United Kingdom,32‚-000
Freedom Australia,http://www.freedom.com.au/,http://www.linkedin.com/company/freedom-australia,Furniture,Australia,500
Friedhelm Schaffrath GmbH & Co. KG,http://www.schaffrath.com/,http://www.linkedin.com/company/friedhelm-schaffrath-gmbh-&-co-kg,Furniture,Germany,1‚-700
Frontgate,https://www.frontgate.com/,https://www.linkedin.com/company/frontgate,Furniture,United States,"501—1,000"
Frontgate ,https://www.frontgate.com/,https://www.linkedin.com/company/frontgate/,Furniture,United States,"500-1,000"
Furniture Fair,http://www.furniturefair.net/,http://www.linkedin.com/company/oki-furniture-fair,Furniture,United States,380
Furniture Mart USA,http://www.furnituremartusa.com/,http://www.linkedin.com/company/furnituremartusa,Furniture,United States,1‚-400
Furniture Maxi,http://www.furnituremaxi.com/,http://www.linkedin.com/company/furniture-maxi,Furniture,United Kingdom,500
Furniture Row,https://furniturerow.com/,https://www.linkedin.com/company/furniture-row-companies,Furniture,United States,"1,001—5,000"
Furniture Row Companies,http://www.linkedin.com/company/furniture-row-companies,https://facebook.com/furniturerow,Furniture,United States,2‚-800
Furniture Village,http://www.furniturevillage.co.uk/,http://www.linkedin.com/company/furniture-village,Furniture,United Kingdom,"1,000-5,000"
"Furnitureland South, Inc",http://www.furniturelandsouth.com/,http://www.linkedin.com/company/furnitureland-south-inc,Furniture,United States,540
G Plan,https://www.gplan.co.uk/,https://www.linkedin.com/company/g-plan-upholstery-limited,Furniture,United Kingdom,"501—1,000"
Gallery Furniture,http://www.galleryfurniture.com/,http://www.linkedin.com/company/gallery-furniture,Furniture,United States,260
Ganet Hill ,https://www.garnethill.com/bedding-home/all-home,https://www.linkedin.com/company/garnet-hill/,Furniture,United States,200-500
Giessegi,http://www.giessegi.it/,http://www.linkedin.com/company/giessegi,Furniture,Italy,610
Global Furniture Group,http://www.globalfurnituregroup.com/,http://www.linkedin.com/company/global-furniture-group,Furniture,United States,1‚-200
Goossens,http://www.werkenbijgoossens.nl/,http://www.linkedin.com/company/goossens,Furniture,Netherlands,600
Groupement Mousquetaires,http://www.linkedin.com/company/les-mousquetaires,https://facebook.com/devenezmousquetaires,HoldCo,France,150‚-000
Gruppo Saviola,https://www.grupposaviola.com/en/,http://www.linkedin.com/company/gruppo-saviola,HoldCo,Italy,"1,000-5,000"
hôma,http://www.homa.pt/,http://www.linkedin.com/company/h%c3%b4ma,Furniture,Portugal,280
Habitat,http://www.habitat.co.uk/,http://www.linkedin.com/company/habitat_2,Furniture,United Kingdom,930
Hammonds Furniture,http://www.hammonds-uk.com/,http://www.linkedin.com/company/hammonds-furniture-ltd,Furniture,United Kingdom,520
Havertys Furniture,http://www.havertys.com/,http://www.linkedin.com/company/havertys-furniture,Furniture,United States,2‚-400
Haworth,http://www.haworth.com/,http://www.linkedin.com/company/haworthinc,Furniture,United States,8‚-000
Haynes Furniture Company,http://www.haynesfurniture.com/,http://www.linkedin.com/company/haynes-furniture-company,Furniture,United States,290
Heal's,http://www.heals.com/,http://www.linkedin.com/company/heals,Furniture,United Kingdom,250
Heilig-Meyers Furniture,https://www.heilig-meyers.com/,https://www.linkedin.com/company/heilig-meyers-furniture,Furniture,United States,"1,001—5,000"
Heritage Home Group LLC,https://www.homeheritage.com/fr/,http://www.linkedin.com/company/furniture-brands-international,HoldCo,United States,"1,000-5,000"
Herman Miller,http://www.hermanmiller.com/,http://www.linkedin.com/company/herman-miller,Furniture,United States,7‚-600
Hickory Chair,https://www.hickorychair.com/,https://www.linkedin.com/company/hickory-chair-co/,Furniture,United States,200-500
Hickory Chair Co,http://www.hickorychair.com/,http://www.linkedin.com/company/hickory-chair-co,Furniture,United States,230
Hilding Anders International AB,http://www.hildinganders.com/,http://www.linkedin.com/company/hilding-anders-international-ab,HoldCo,Sweden,10‚-000
Hjort Knudsen A/S,http://www.hjortknudsen.dk/,http://www.linkedin.com/company/hjort-knudsen,Furniture,Denmark,2‚-600
HollyHunt,https://www.hollyhunt.com/,https://www.linkedin.com/company/holly-hunt/,Furniture,United States,200-500
Holmris B8,http://www.holmrisb8.com/,http://www.linkedin.com/company/holmrisb8,Furniture,Denmark,300
HOM Furniture,http://www.homfurniture.com/,http://www.linkedin.com/company/hom-furniture,Furniture,United States,1‚-900
Home Consignment Center,http://www.thehomeconsignmentcenter.com/,http://www.linkedin.com/company/home-consignment-center,Furniture,United States,220
Home Furniture Plus Bedding,http://www.homefurn.com/,http://www.linkedin.com/company/home-furniture-plus-bedding,Furniture,United States,280
Homefashion Group B.V.,http://www.homefashiongroup.com/,http://www.linkedin.com/company/homefashion-group-b-v-,HoldCo,Netherlands,"1,000-5,000"
"Homemakers Furniture, Mattresses & Accessories",http://www.homemakers.com/,http://www.linkedin.com/company/homemakers-furniture-iowa,Furniture,United States,340
Hooker Furnishings Corporation,http://www.hookerfurnishings.com/,http://www.linkedin.com/company/hooker-furnishings-corporation,HoldCo,United States,"1,000-5,000"
Hypnos Beds,http://www.hypnosbeds.com/,http://www.linkedin.com/company/hypnos-beds,Furniture,United Kingdom,260
Ikano Group,http://www.group.ikano/,http://www.linkedin.com/company/ikano-group,HoldCo,Luxembourg,8‚-000
ILVA,http://www.ilva.dk/,http://www.linkedin.com/company/ilva-dk,Furniture,Denmark,900
Indoor Group Oy,http://www.indoorgroup.fi/,http://www.linkedin.com/company/indoor-group-oy,HoldCo,Finland,"500-1,000"
Interstuhl,http://www.interstuhl.com/,http://www.linkedin.com/company/interstuhl,Furniture,Germany,1‚-100
Ivan Smith Furniture,http://www.ivansmith.com/,http://www.linkedin.com/company/ivan-smith-furniture,Furniture,United States,570
Janus et Cie,http://www.janusetcie.com/,http://www.linkedin.com/company/janus-et-cie,Furniture,United States,340
Jbi Interiors,http://www.jbi-interiors.com/,http://www.linkedin.com/company/jbi-interiors,Furniture,United States,220
Johnny Janosik Inc.,http://www.johnnyjanosik.com/,http://www.linkedin.com/company/johnny-janosik-inc-,Furniture,United States,280
JOM,http://www.jom.pt/,http://www.linkedin.com/company/jom-lda,Furniture,Portugal,510
Jonathan Louis,http://www.jonathanlouis.com/,http://www.linkedin.com/company/jonathan-louis-furniture,Furniture,United States,280
Joybird,https://joybird.com/,https://www.linkedin.com/company/joybird/about/,Furniture,United States,200-500
Kane's Furniture,http://www.kanesfurniture.com/,http://www.linkedin.com/company/kane's-furniture,Furniture,United States,690
Kare Design GmbH,http://www.kare-design.com/,http://www.linkedin.com/company/kare-design-gmbh,Furniture,Germany,1‚-200
Kartell,http://www.kartell.com/,http://www.linkedin.com/company/kartell,Furniture,Italy,340
Kave Home,http://www.kavehome.com/,http://www.linkedin.com/company/kave-home,Furniture,Spain,690
Kees Smit Garden Furniture,http://www.keessmit.nl/,http://www.linkedin.com/company/kees-smit-tuinmeubelen,Furniture,Netherlands,240
Kellex Seating,http://www.kellex.com/,http://www.linkedin.com/company/kellex-seating,Furniture,United States,280
Kibuc,http://www.kibuc.com/,http://www.linkedin.com/company/kibuc,Furniture,Spain,210
kikaLeiner,http://www.leiner.at/,http://www.linkedin.com/company/leiner,Furniture,Austria,1‚-400
Kimball International,http://www.kimballinternational.com/,http://www.linkedin.com/company/kimball-international,HoldCo,United States,2‚-500
Kimbrell’S Furniture,http://www.kimbrells.com/,http://www.linkedin.com/company/kimbrell%e2%80%99s-furniture,Furniture,United States,310
Kinnarps Group,http://www.kinnarps.com/,http://www.linkedin.com/company/kinnarps,HoldCo,Sweden,1‚-700
Kinnarps Sweden,http://www.kinnarps.se/,http://www.linkedin.com/company/kinnarpssverige,Furniture,Sweden,350
L. & J.G. Stickley,http://www.stickley.com/,http://www.linkedin.com/company/l-&-jg-stickley,Furniture,United States,240
La-Z-Boy Furniture Galleries,http://www.lazboy.com/,http://www.linkedin.com/company/la-z-boy-furniture-galleries,Furniture,United States,970
La-Z-Boy Incorporated,http://www.la-z-boy.com/,http://www.linkedin.com/company/la-z-boy,Furniture,United States,11‚-000
Lago S.P.A.,http://www.lago.it/,http://www.linkedin.com/company/lago-s.p.a.,Furniture,Italy,230
Lammhults Design Group AB,http://www.lammhultsdesigngroup.com/,http://www.linkedin.com/company/lammhults-design-group-ab,HoldCo,Sweden,200-500
Lazzoni,http://www.lazzoni.com/,http://www.linkedin.com/company/lazzoniofficial,Furniture,United States,270
Le Roi du Matelas,http://www.leroidumatelas.fr/,http://www.linkedin.com/company/le-roi-du-matelas,Furniture,France,250
Leen Bakker,http://www.leenbakker.nl/,http://www.linkedin.com/company/leen-bakker,Furniture,Netherlands,1‚-100
Leggett & Platt,http://www.leggett.com/,http://www.linkedin.com/company/leggett-&-platt,HoldCo,United States,18‚-000
Levin Furniture & Mattress,http://www.levinfurniture.com/,http://www.linkedin.com/company/levinfurnitureandmattress,Furniture,United States,510
Ligne Roset,http://www.ligne-roset.com/,http://www.linkedin.com/company/ligne-roset,Furniture,France,1‚-000
Limitless Digital Group,http://www.limitlessdigital.com/,http://www.linkedin.com/company/limitless-digital-group-limited,HoldCo,United Kingdom,260
Lipo Einrichtungsmã¤Rkte AG,https://lipo.ch/,https://www.linkedin.com/company/lipo-einrichtungsm%C3%A4rkte-ag,Furniture,Switzerland,
Living Spaces Furniture,http://www.livingspaces.com/,http://www.linkedin.com/company/living-spaces-furniture,Furniture,United States,2‚-800
Lmc,http://www.lmcstore.com/,http://www.linkedin.com/company/lmcgroup,Furniture,France,620
Lovesac,http://www.lovesac.com/,http://www.linkedin.com/company/lovesac,Furniture,United States,920
Lpp S.A.,http://www.linkedin.com/company/lpp-sa,https://www.facebook.com/DiscoverLPP/,HoldCo,Poland,23‚-000
Lupo,http://www.lupobarcelona.com/,http://www.linkedin.com/company/lupo-barcelona,Furniture,Spain,310
Luxury Living Group,http://www.luxurylivinggroup.com/,http://www.linkedin.com/company/luxurylivinggroup,HoldCo,Italy,260
Möbel Pfister AG,http://www.pfister.ch/,http://www.linkedin.com/company/m%c3%b6bel-pfister-ag,Furniture,Switzerland,540
Møbelringen,http://www.mobelringen.no/,http://www.linkedin.com/company/mobelringen-as,Furniture,Norway,510
MADE.COM,http://www.made.com/,http://www.linkedin.com/company/made-com,Furniture,United Kingdom,720
Magnolia ,https://www.linkedin.com/company/magnolia-/,https://www.linkedin.com/company/magnolia-/,Furniture,United States,
Mancini's Sleepworld,http://www.sleepworld.com/,http://www.linkedin.com/company/mancini's-sleepworld,Furniture,United States,210
Martela Group,http://www.martela.com/,http://www.linkedin.com/company/martela-oyj,Furniture,Finland,270
Maskun Kalustetalo Oy,http://www.masku.com/,http://www.linkedin.com/company/maskun-kalustetalo-oy,Furniture,Finland,280
Matis Group,https://matisfurniture.com/,https://www.linkedin.com/company/matis-doo-ivanjica,Furniture,Serbia,
Mattress Firm,http://www.mattressfirm.com/,https://www.linkedin.com/company/mattressfirm/,Furniture,United States,6‚-500
Mattress Warehouse,http://www.mattresswarehouse.com/,http://www.linkedin.com/company/mattresswarehouse,Furniture,United States,930
Meble W√≥jcik,http://www.meblewojcik.com.pl/,http://www.linkedin.com/company/meble-w%c3%b3jcik,Furniture,Poland,1‚-500
Merkamueble,https://merkamueble.com/,https://www.linkedin.com/company/merkamueble-oficial,Furniture,Spain,"501—1,000"
Millerknoll,http://www.millerknoll.com/,http://www.linkedin.com/company/millerknoll,HoldCo,United States,11‚-000
Minotti S.P.A.,http://www.minotti.com/,http://www.linkedin.com/company/minotti-spa,Furniture,Italy,220
Minted,https://www.minted.com/,https://www.linkedin.com/company/minted/,Furniture,United States,200-500
Mio AB,http://www.mio.se/,http://www.linkedin.com/company/mio-ab,Furniture,Sweden,1‚-200
Mitchell Gold + Bob Williams,http://www.mgbw.com/,http://www.linkedin.com/company/mitchell-gold---bob-williams,Furniture,United States,340
Mkt,http://www.eltemkt.com/,http://www.linkedin.com/company/eltemkt,Furniture,Canada,380
Mobilya,http://www.mobilya.it/,http://www.linkedin.com/company/mobilya-megastore,Furniture,Italy,460
Moe's Home Collection,http://www.moeshome.com/,http://www.linkedin.com/company/moe's-home-collection,Furniture,Canada,280
Moki Veži,http://www.mokivezi.lt/,http://www.linkedin.com/company/moki-vezi,Furniture,Lithuania,710
Molteni&C,http://www.molteni.it/,http://www.linkedin.com/company/molteniandc,Furniture,Italy,490
Mondo Convenienza,http://www.mondoconv.it/,http://www.linkedin.com/company/mondoconvenienza,Furniture,Italy,3‚-500
Mor Furniture for Less,http://www.morfurniture.com/,http://www.linkedin.com/company/mor-furniture,Furniture,United States,360
Morgan,http://www.morganfurniture.co.uk/,http://www.linkedin.com/company/morganfurniture,Furniture,United Kingdom,340
Mts Seating,http://www.mtsseating.com/,http://www.linkedin.com/company/mtsseating,Furniture,United States,390
National Office Furniture,http://www.nationalofficefurniture.com/,http://www.linkedin.com/company/national-office-furniture,Furniture,United States,330
Neptune,http://www.neptune.com/,http://www.linkedin.com/company/neptune-europe-ltd,Furniture,United Kingdom,640
Nick Scali Limited,http://www.nickscali.com.au/,http://www.linkedin.com/company/nick-scali-furniture,Furniture,Australia,930
Nobia,http://www.nobia.com/,http://www.linkedin.com/company/nobia-ab,HoldCo,Sweden,"1,000-5,000"
Norcros,https://norcros.com/,https://www.linkedin.com/company/norcros-plc,HoldCo,United Kingdom,"1,000-5,000"
Nuevo,http://www.nuevoliving.com/,http://www.linkedin.com/company/nuevoliving,Furniture,Canada,310
Oak Furnitureland,http://www.oakfurnitureland.co.uk/,http://www.linkedin.com/company/oak-furnitureland,Furniture,United Kingdom,820
Orangebox,http://www.orangebox.com/,http://www.linkedin.com/company/orangebox,Furniture,United Kingdom,310
Orizzonte,http://www.orizzonteshop.it/,http://www.linkedin.com/company/unipam-gruppo-orizzonte,Furniture,Italy,250
Ort,http://www.ort.bg/,http://www.linkedin.com/company/town-and-country-living,Furniture,Bulgaria,230
Otto Group,http://www.ottogroup.com/,http://www.linkedin.com/company/ottogroup,HoldCo,Germany,37‚-000
Palliser Furniture Ltd.,http://www.palliser.com/,http://www.linkedin.com/company/palliserfurniture,Furniture,Canada,2‚-000
Pedrali Spa,http://www.pedrali.com/,http://www.linkedin.com/company/pedrali-spa,Furniture,Italy,320
Poliform,http://www.poliform.com,http://www.linkedin.com/company/poliform,Furniture,Italy,340
Poltrona Frau Group,https://www.poltronafrau.com/fr/fr.html,http://www.linkedin.com/company/poltrona-frau-group,Furniture,Italy,230
poltronesof√†,http://www.poltronesofa.com/,http://www.linkedin.com/company/poltronesofa,Furniture,Italy,1‚-500
Polywood®,http://www.polywood.com/,http://www.linkedin.com/company/polywoodllc,Furniture,United States,590
porta-Unternehmensgruppe,http://www.porta.de/,http://www.linkedin.com/company/porta-m%c3%b6bel,Furniture,Germany,6‚-700
Portmeirion Group,https://www.portmeiriongroup.com/,https://www.linkedin.com/company/portmeirion-group-limited,HoldCo,United Kingdom,"500-1,000"
Potpourri Group,http://www.potpourrigroup.com/,http://www.linkedin.com/company/potpourri-group,HoldCo,United States,230
Pottery Barn,http://www.potterybarn.com/,http://www.linkedin.com/company/pottery-barn,Furniture,United States,11‚-000
Printemps,http://www.groupe-printemps.com/,http://www.linkedin.com/company/printemps,HoldCo,France,3‚-300
Rauch M√∂belwerke GmbH,http://www.rauchmoebel.de/,http://www.linkedin.com/company/rauch-mobelwerke-gmbh,Furniture,Germany,1‚-100
Raymour & Flanigan Furniture and Mattresses,http://www.raymourflanigan.com/,http://www.linkedin.com/company/raymour-&-flanigan,Furniture,United States,5‚-800
Rejuvenation,https://www.rejuvenation.com/,https://www.linkedin.com/company/rejuvenation/,Furniture,United States,200-500
Resident,http://www.residenthome.com/,http://www.linkedin.com/company/residenthome,Furniture,United States,580
Rh,http://www.rh.com/,http://www.linkedin.com/company/rh1,Furniture,United States,5‚-700
Roche Bobois,http://www.roche-bobois.com/,http://www.linkedin.com/company/roche-bobois,Furniture,France,1‚-100
Room & Board,http://www.roomandboard.com/,http://www.linkedin.com/company/room-&-board,Furniture,United States,1‚-100
Rooms to Go,http://www.roomstogo.com/,http://www.linkedin.com/company/rooms-to-go,Furniture,United States,7‚-500
Rove Concepts ,https://www.roveconcepts.com/?srsltid=AfmBOoqS6dYKNXDtrGN9irCTEzgrzl5j5PrJ1zVwZycXHz1YHI9VygqU,https://www.linkedin.com/company/rove-concepts/,Furniture,United States,200-500
Rowe Furniture,http://www.rowefurniture.com/,http://www.linkedin.com/company/rowe-furniture,Furniture,United States,230
Saatva,http://www.saatva.com/,https://www.linkedin.com/company/saatva/,Furniture,United States,380
Safavieh,https://safavieh.com/,https://www.linkedin.com/company/safavieh-home,Furniture,United States,"501—1,000"
Saks Global,https://www.saksglobal.com/company,,HoldCo,United States,/
Salling Group,http://www.sallinggroup.com/,http://www.linkedin.com/company/sallinggroup,HoldCo,Denmark,60‚-000
Sam Levitz Furniture,http://www.samlevitz.com/,http://www.linkedin.com/company/sam-levitz-furniture,Furniture,United States,230
Samo Industries S.P.A.,http://www.samoindustries.it/,http://www.linkedin.com/company/samo-industries,HoldCo,Italy,330
Satur,http://www.satur.it/,http://www.linkedin.com/company/la-satur-passione-casa,Furniture,Italy,210
Sauder Manufacturing Co.,http://www.saudermfg.com/,http://www.linkedin.com/company/sauder-manufacturing-co.,Furniture,United States,230
Sauder Woodworking Co.,http://www.sauder.com/,http://www.linkedin.com/company/sauder-woodworking,Furniture,United States,660
Scandinavian Designs | Dania Furniture,http://www.scandinaviandesigns.com/,http://www.linkedin.com/company/scandinavian-designs,Furniture,United States,350
Schiever,http://www.schiever.com/,http://www.linkedin.com/company/schiever,HoldCo,France,7‚-000
Schmidt Groupe,http://www.groupe.schmidt/,http://www.linkedin.com/company/schmidt-groupe,HoldCo,France,"1,000-5,000"
Sealy,http://www.sealy.com/,http://www.linkedin.com/company/sealy,Furniture,United States,1‚-100
Sedus,http://www.sedus.com/,http://www.linkedin.com/company/sedus-stoll,Furniture,Germany,980
Selfridges Group,http://www.selfridgesgroup.com/,http://www.linkedin.com/company/selfridges-group,HoldCo,United Kingdom,12‚-000
Serena and Lily,https://www.serenaandlily.com/,https://www.linkedin.com/company/serena-&-lily/,Furniture,United States,200-500
Shop Direct,http://www.shopdirect.jobs/,http://www.linkedin.com/company/shop-direct-group,HoldCo,United Kingdom,2‚-100
Showroom,http://www.by-showroom.com/,http://www.linkedin.com/company/byshowroom,Furniture,United States,380
showroomprive.com,http://www.showroomprivegroup.com/,http://www.linkedin.com/company/showroomprive,HoldCo,France,1‚-300
Silvera,http://www.silvera.fr/,http://www.linkedin.com/company/silvera-sec,Furniture,France,260
Sit 'n Sleep,http://www.sitnsleep.com/,http://www.linkedin.com/company/sit-'n-sleep,Furniture,United States,220
Skeidar,http://www.linkedin.com/company/skeidar,https://facebook.com/skeidar.no,Furniture,Norway,600
Sleep Country Canada,http://www.sleepcountry.ca/,http://www.linkedin.com/company/sleep-country-canada,Furniture,Canada,1‚-700
Sleep Number Corporation,http://www.sleepnumber.com/,http://www.linkedin.com/company/sleep-number-corporation,Furniture,United States,3‚-600
Snooze,http://www.snooze.com.au/,http://www.linkedin.com/company/snooze-management-pty-ltd,Furniture,Australia,570
Sofacompany,http://www.sofacompanyprofessional.com/,http://www.linkedin.com/company/sofacompany,Furniture,Denmark,260
Sokoa,http://www.sokoa.com/,http://www.linkedin.com/company/sokoa,Furniture,France,420
Songmics Home,http://www.songmicshomeb2b.com/,http://www.linkedin.com/company/songmicshome,Furniture,United States,210
South Shore Furniture,http://www.southshorefurniture.com/,http://www.linkedin.com/company/meubles-south-shore,Furniture,Canada,700
Steinhafels Furniture,https://www.steinhafels.com/,https://www.linkedin.com/company/steinhafels,Furniture,United States,"501—1,000"
Stevens Industries Inc.,http://www.stevensind.com/,http://www.linkedin.com/company/stevens-industries-inc-,HoldCo,United States,530
Structube,http://www.structube.com/,http://www.linkedin.com/company/structube,Furniture,Canada,450
Sun Garden,http://www.sun-garden.eu/,http://www.linkedin.com/company/sun-garden,Furniture,Germany,230
Surplus Furniture & Mattress,http://www.surplusfurniture.com/,http://www.linkedin.com/company/surplus-furniture-&-mattress,Furniture,United States,410
Szynaka Meble,http://www.szynaka.pl/,http://www.linkedin.com/company/szynaka-meble,Furniture,Poland,3‚-000
Tangram Interiors,http://www.tangraminteriors.com/,http://www.linkedin.com/company/tangram-interiors,Furniture,United States,370
Tayco,http://www.tayco.com/,http://www.linkedin.com/company/tayco,Furniture,Canada,270
Team Office - Your Workplace Interiors Team,http://www.teamoffice.us/,http://www.linkedin.com/company/team-office-llc,Furniture,United States,780
Teknion,http://www.teknion.com/,http://www.linkedin.com/company/teknion,Furniture,Canada,2‚-200
Temple & Webster,http://www.templeandwebster.com.au/,http://www.linkedin.com/company/temple-&-webster,Furniture,Australia,310
Tepperman's,http://www.teppermans.com/,http://www.linkedin.com/company/teppermans,Furniture,Canada,300
The Collective,http://www.collective.space/,http://www.linkedin.com/company/collective-spaces,Furniture,United States,260
The Cotswold Company | B Corp™,http://www.cotswoldco.com/,http://www.linkedin.com/company/the-cotswold-company,Furniture,United Kingdom,250
The Dufresne Group,https://thedufresnegroup.ca/,http://www.linkedin.com/company/the-dufresne-group,HoldCo,Canada,"1,000-5,000"
The Dump Luxury Furniture Outlet,http://www.thedump.com/,http://www.linkedin.com/company/the-dump,Furniture,United States,300
The One Total Home Experience,http://www.theone.com/,http://www.linkedin.com/company/the-one-total-home-experience,Furniture,United States,320
The Romo Group,http://www.romo.com/,http://www.linkedin.com/company/the-romo-group,HoldCo,United Kingdom,320
Theodore Alexander,http://www.theodorealexander.com/,http://www.linkedin.com/company/theodore-alexander,Furniture,United States,220
Tis,http://www.tis.rs/,http://www.linkedin.com/company/tis-doo,Furniture,Serbia,260
Tomasella Industria Mobili S.R.L.,http://www.tomasella.it/,http://www.linkedin.com/company/tomasella-industria-mobili-srl,Furniture,Italy,250
Ton,http://www.ton.eu/,http://www.linkedin.com/company/ton-furniture,Furniture,Czech Republic,500
Tuuci,http://www.tuuci.com/,http://www.linkedin.com/company/tuuci,Furniture,United States,210
Twin-Star International,http://www.twinstarhome.com/,http://www.linkedin.com/company/twin-star-international-inc,Furniture,United States,320
Uform,http://www.uform.co.uk/,http://www.linkedin.com/company/uform,Furniture,United Kingdom,250
Urban Barn,http://www.urbanbarn.com/,http://www.linkedin.com/company/urban-barn,Furniture,Canada,400
Usm Modular Furniture,http://www.usm.com/,http://www.linkedin.com/company/usmmodularfurniture,Furniture,Switzerland,460
Value City Furniture,http://www.valuecityfurniture.com/,http://www.linkedin.com/company/value-city-furniture,Furniture,United States,1‚-400
Vanguard Furniture,http://www.vanguardfurniture.com/,http://www.linkedin.com/company/vanguard-furniture,Furniture,United States,560
vente-unique.com,http://www.vente-unique.com/,http://www.linkedin.com/company/vente-unique-com,Furniture,France,350
Versa Concept LLC,http://www.versaconcept.com/,http://www.linkedin.com/company/versaconcept,Furniture,United States,780
Vispring Ltd,http://www.vispring.com/,http://www.linkedin.com/company/vi-spring-ltd,Furniture,United Kingdom,210
Vox Capital Group,https://vox.pl/,https://www.linkedin.com/company/vox-capital-group,Furniture,Poland,"1,000-5,000"
Walter E. Smithe Furniture & Design,http://www.smithe.com/,http://www.linkedin.com/company/walter-e-smithe-furniture,Furniture,United States,300
Wesfarmers,http://www.wesfarmers.com.au/,http://www.linkedin.com/company/wesfarmers,HoldCo,Australia,120‚-000
West Elm,https://www.westelm.co.uk/,https://www.linkedin.com/company/west-elm/,Furniture,United States,"> 10,000"
Whalen Furniture,http://www.whalenfurniture.com/,http://www.linkedin.com/company/whalen-furniture,Furniture,United States,220
Why Brands Inc.,http://www.whybrands.com/,http://www.linkedin.com/company/why-brands-inc,HoldCo,United States,400
Wilkhahn,http://www.wilkhahn.com/,http://www.linkedin.com/company/wilkhahn,Furniture,Germany,460
Williams-Sonoma Inc.,http://www.williams-sonomainc.com/,http://www.linkedin.com/company/williams-sonoma-inc-,HoldCo,United States,"> 10,000"
Woolworths Group,http://www.woolworthsgroup.com.au/,http://www.linkedin.com/company/woolworths-group,HoldCo,Australia,201‚-000
XXXLutz Deutschland,http://www.xxxlutz.de/,http://www.linkedin.com/company/xxxlutz-deutschland,Furniture,Germany,12‚-000
Z Gallerie,http://www.zgallerie.com/,http://www.linkedin.com/company/z-gallerie,Furniture,United States,930
Zinus,http://www.zinus.com/,http://www.linkedin.com/company/zinus-inc,Furniture,United States,380
zurbrueggen,https://www.zurbrueggen.de/,https://www.linkedin.com/company/zurbr%C3%BCggen-wohn-zentrum-gmbh,Furniture,Germany,
HSL Chairs,https://www.hslchairs.com/,https://www.linkedin.com/company/hsl-chairs/about/,Furniture,United Kingdom,"500-1,000"
OFS,https://ofs.com/,https://www.linkedin.com/company/ofs-/,Furniture,United States,"1,000-5,000"
NowyStyl,https://www.nowystyl.com/fr/,https://www.linkedin.com/company/nowy-styl-global/,Furniture,Poland,"5,000-10,000"
Perigold,https://www.perigold.com/,https://www.linkedin.com/company/perigold/,Furniture,United States,"1,000-5,000"
Harry Corry,https://www.harrycorry.com/,https://www.linkedin.com/company/harry-corry-limited/?originalSubdomain=fr,Furniture,Ireland,"500-1,000"
Overstock,https://www.overstock.com/,https://www.linkedin.com/company/overstock/,Furniture,United States,"500-1,000"
Flexsteel,https://www.flexsteel.com/,https://www.linkedin.com/company/flexsteel-industries-inc/,Furniture,United States,"1,000-5,000"
Jordan's Furniture ,https://www.jordans.com/,https://www.linkedin.com/company/jordan's-furniture/,Furniture,United States,"1,000-5,000"
Swiss Sense,https://www.swisssense.nl/,https://www.linkedin.com/company/swisssense/,Furniture,Netherlands,"1,000-5,000"
Sofology ,https://www.sofology.co.uk/,https://www.linkedin.com/company/sofology/,Furniture,United Kingdom,"1,000-5,000"
Baer's Furniture,https://www.baers.com/,https://www.linkedin.com/company/baers-furniture/,Furniture,United States,"500-1,000"
Bob's Mills Furniture ,https://www.bobmillsfurniture.com/,https://www.linkedin.com/company/bob-mills-furniture/,Furniture,United States,"500-1,000"
Badcock,http://www.badcock.com,https://www.linkedin.com/company/w.s.-badcock-corporation/about/,Furniture,United States,"1,000-5,000"
Slumberland Furniture,https://www.slumberland.com/,https://www.linkedin.com/company/slumberland-furniture/,Furniture,United States,"500-1,000"
AJ Products,https://www.ajproducts.co.uk/,https://www.linkedin.com/company/aj-products-uk-ltd/,Furniture,United Kingdom,"1,000-5,000"
IMG Comfort,https://www.imgcomfort.com/int,https://www.linkedin.com/company/img-as/about/,Furniture,United States,"500-1,000"
Gardner White ,https://www.gardner-white.com/,https://www.linkedin.com/company/gardner-white/,Furniture,United States,"500-1,000"
Matratzen Concord,https://www.matratzen-concord.de/,https://www.linkedin.com/company/matratzen-concord/,Bedding,Germany,"1,000-5,000"
Purple,https://purple.com/,https://www.linkedin.com/company/purple-innovation-llc/,Furniture,United States,"1,000-5,000"
SilentNight,https://www.silentnight.co.uk/,https://www.linkedin.com/company/silentnight-group/about/,Bedding,United Kingdom,"500-1,000"
Malouf Home,https://www.maloufhome.com/,https://www.linkedin.com/company/maloufhome/,Bedding,United States,"500-1,000"
Watson's,https://www.watsons.com/,https://www.linkedin.com/company/watsons/,Furniture,United States,"500-1,000"
Dunnes Stores,https://www.dunnesstores.com/,https://www.linkedin.com/company/dunnes-stores/about/,Retail,Ireland,"> 10,000"
Shaw,https://shawinc.com/,https://www.linkedin.com/company/shaw-industries/,HoldCo,United States,"> 10,000"
Calico,https://www.calicocorners.com/c-710-all-furniture.aspx,https://www.linkedin.com/company/calico-corners---calico-home/,Furniture,United States,"500-1,000"
Neiman Marcus,https://www.neimanmarcus.com/,https://www.linkedin.com/company/neimanmarcus-nm/about/,Retail,United States,"5,000-10,000"
Grüne Erde,https://grueneerde.com/de/index.html,https://www.linkedin.com/company/gruene-erde/,Furniture,Austria,"500-1,000"
Symphony,https://symphony-group.co.uk/,https://www.linkedin.com/company/symphony-group-plc/,Kitchen & Bath,United Kingdom,"5,000-10,000"
Wren Kitchens,https://www.wrenkitchens.com/,https://www.linkedin.com/company/wren-kitchens/,Kitchen & Bath,United Kingdom,"5,000-10,000"
Buy IT Direct Group,http://www.buyitdirectgroup.co.uk/,http://www.linkedin.com/company/buy-it-direct-ltd.,HoldCo,United Kingdom,440
Intergamma,http://www.intergamma.nl/,http://www.linkedin.com/company/intergamma,HoldCo,Netherlands,12‚-000
Rue Gilt Groupe,http://www.ruegiltgroupe.com/,http://www.linkedin.com/company/rue-gilt-groupe,HoldCo,United States,650
Sainsbury's,http://www.sainsburys.co.uk/,http://www.linkedin.com/company/sainsburys,HoldCo,United Kingdom,142‚-000
Sobeys,https://corporate.sobeys.com/fr/our-brands,http://www.linkedin.com/company/sobeys,HoldCo,Canada,129‚-000
The TJX Companies Inc.,http://www.tjx.com/,http://www.linkedin.com/company/tjx,HoldCo,United States,364‚-000
Serena & Lily,http://www.serenaandlily.com/,http://www.linkedin.com/company/serena-&-lily,Furniture,United States,490
Westwing,http://www.westwing.com/,http://www.linkedin.com/company/westwing-home-&-living,HoldCo,Germany,1‚-300
Topps Tiles,http://www.toppstiles.co.uk/,http://www.linkedin.com/company/toppstiles,HoldCo,United Kingdom,1‚-900
Abc Warehouse,http://www.abcwarehouse.com/,http://www.linkedin.com/company/abc-warehouse,Retail,United States,510
Abt,http://www.abt.com/,http://www.linkedin.com/company/abt-electronics,Retail,United States,830
Aki,http://www.aki.pt/,http://www.linkedin.com/company/aki,Retail,Portugal,490
Argos,http://www.argos.co.uk/,http://www.linkedin.com/company/argos-uk,Retail,United Kingdom,11‚-000
Arnotts,https://www.arnotts.ie/,https://twitter.com/brownthomas,Retail,Ireland,300
Barbeques Galore,https://www.bbqgalore.com/,https://www.linkedin.com/company/barbeques-galore,Retail,Australia,
Baur Versand,https://www.baur.de/,https://www.linkedin.com/company/baur-versand,Retail,Germany,"1,001—5,000"
Bed Bath & Beyond,http://www.bedbathandbeyond.com/,http://www.linkedin.com/company/bed-bath-and-beyond,Retail,United States,32‚-000
Best Buy,https://www.bestbuy.com/home,https://www.linkedin.com/company/best-buy-canada,Retail,Canada,"10,001—50,000"
Best Choice Products,http://www.bestchoiceproducts.com/,http://www.linkedin.com/company/best-choice-products,Retail,United States,290
Bestcheck,https://www.bestcheck.de/,,Retail,Germany,
Blinds to Go,http://www.blindstogo.com/,http://www.linkedin.com/company/blinds-to-go,Retail,United States,650
Brico Dépôt,http://www.bricodepot.fr/,http://www.linkedin.com/company/brico-depot,Retail,France,9‚-000
Bricoman,http://www.bricoman.fr/,linkedin.com/company/bricoman,Retail,France,3‚-200
Bricomarché,http://www.bricomarche.com/,http://www.linkedin.com/company/bricomarche,Retail,France,4‚-000
Bricorama France,http://www.bricorama.fr/,http://www.linkedin.com/company/bricorama-france,Retail,France,3‚-900
Brookstone,http://www.brookstone.com/,https://www.linkedin.com/company/brookstone/,Retail,United States,2‚-900
Bunnings,http://www.bunnings.com.au/,http://www.linkedin.com/company/bunnings,Retail,Australia,53‚-000
But,https://www.but.fr/,fr.linkedin.com/company/but,Retail,France,5000-10000
buybuy Baby,http://www.buybuybaby.com/,http://www.linkedin.com/company/buybuybaby,Retail,United States,1‚-200
Bygghemma,http://www.bygghemma.se/,http://www.linkedin.com/company/bygghemma,Retail,Sweden,260
Canadian Tire Corporation,http://www.canadiantire.ca/,http://www.linkedin.com/company/canadian-tire,Retail,Canada,14‚-000
Carraig Donn,http://www.carraigdonn.com/,http://www.linkedin.com/company/carraig-donn,Retail,Ireland,350
Casper,http://www.casper.com/,http://www.linkedin.com/company/casper,Retail,United States,450
Castorama,http://www.castorama.fr/,http://www.linkedin.com/company/castorama,Retail,France,8‚-200
Centrakor,http://www.centrakor.com/,http://www.linkedin.com/company/centrakor,Retail,France,2
Conforama Suisse SA,http://www.conforama.ch/,http://www.linkedin.com/company/confo-suisse-sa,Retail,Switzerland,270
Conn's HomePlus,http://www.conns.com/,http://www.linkedin.com/company/connshomeplus,Retail,United States,4‚-500
Costco Wholesale,http://www.costco.com/,http://www.linkedin.com/company/costco-wholesale,Retail,United States,333‚-000
Dedeman,http://www.dedeman.ro/,http://www.linkedin.com/company/dedeman,Retail,Romania,13‚-000
El Corte Ingl√©s,http://www.elcorteingles.com/,http://www.linkedin.com/company/elcorteingles,Retail,Spain,81‚-000
Electronic-star,https://www.electronic-star.fr/,,Retail,Germany,
Ermitazas,http://www.ermitazas.lt/,http://www.linkedin.com/company/ermita%c5%beas,Retail,Lithuania,670
Eurobrico S.P.A.,http://www.eurobrico.com/,http://www.linkedin.com/company/eurobrico-spa,Retail,Italy,840
Europris,http://www.europris.no/,http://www.linkedin.com/company/europris-as,Retail,Norway,6‚-800
Fabricville,http://www.fabricville.com/,http://www.linkedin.com/company/fabricville,Retail,Canada,890
Family Leisure,http://www.familyleisure.com/,http://www.linkedin.com/company/family-leisure,Retail,United States,210
fonq.nl,http://www.fonq.nl/,http://www.linkedin.com/company/fonq-nl,Retail,Netherlands,220
"Fotex, Salling Group",http://www.foetex.dk/,dk.linkedin.com/company/f-tex-salling-group,Retail,Denmark,15‚-000
Fred Meyer,http://www.fredmeyer.com/,http://www.linkedin.com/company/fred-meyer,Retail,United States,12‚-000
Freemans,https://www.freemans.com/,https://www.linkedin.com/company/freemans,Retail,United States,"1,001—5,000"
Galeria,http://www.galeria.de/,http://www.linkedin.com/company/galeria-karstadt-kaufhof-gmbh,Retail,Germany,12‚-000
Galeries Lafayette,https://www.galerieslafayette.com/,http://www.linkedin.com/company/galeries-lafayette,Retail,France,13‚-000
Globus,http://www.globus.ch/,http://www.linkedin.com/company/grands-magasins-globus-sa,Retail,Switzerland,2‚-000
Great Lakes Ace Hardware,http://www.greatlakesace.com/,http://www.linkedin.com/company/greatlakesace,Retail,United States,930
Harrods,http://www.harrods.com/,http://www.linkedin.com/company/harrods,Retail,United Kingdom,4‚-600
Harvey Norman Ireland,http://www.harveynorman.ie/,http://www.linkedin.com/company/harvey-norman-ireland,Retail,Ireland,270
Hayneedle.Com,http://www.hayneedle.com/,http://www.linkedin.com/company/hayneedle,Retail,United States,220
Hema,http://www.hema.com/,http://www.linkedin.com/company/hema,Retail,Netherlands,7‚-100
Hillier Nurseries Ltd,http://www.hillier.co.uk/,http://www.linkedin.com/company/hillier-nurseries-ltd,Retail,United Kingdom,250
Hobby Lobby,http://www.hobbylobby.com/,http://www.linkedin.com/company/hobby-lobby,Retail,United States,46‚-000
Home Bargains,http://www.home.bargains/,http://www.linkedin.com/company/tj-morris,Retail,United Kingdom,27‚-000
Home Hardware,http://www.homehardware.com.au/,http://www.linkedin.com/company/home-hardware-au,Retail,Australia,330
Home Hardware Stores Limited,http://www.homehardware.ca/,http://www.linkedin.com/company/homehardware,Retail,Canada,4‚-100
Homebase,http://www.homebase.co.uk/,http://www.linkedin.com/company/homebase-uk,Retail,United Kingdom,"5,000-10,000"
Hornbach Byggmarknad AB,http://www.hornbach.se/,http://www.linkedin.com/company/hornbach-byggmarknad-ab,Retail,Sweden,510
Hubo,http://www.hubo.be/,http://www.linkedin.com/company/hubo-belgie-nv,Retail,Belgium,1‚-900
IKEA,http://www.ikea.com/,http://www.linkedin.com/company/ikea,Retail,Netherlands,216‚-000
Inno,http://www.inno.be/,http://www.linkedin.com/company/innobe,Retail,Belgium,1‚-400
Intratuin,http://www.intratuin.nl/,http://www.linkedin.com/company/intratuin,Retail,Netherlands,1‚-200
Jardiland,http://www.jardiland.com/,http://www.linkedin.com/company/jardiland,Retail,France,1‚-200
Jarrolds,http://www.jarrolds.co.uk/,http://www.linkedin.com/company/jarroldsnorfolk,Retail,United Kingdom,400
Jcpenney,http://www.jcpenney.com/,http://www.linkedin.com/company/jcpenney,Retail,United States,50‚-000
John Lewis & Partners,http://www.johnlewis.com/,http://www.linkedin.com/company/johnlewisandpartners,Retail,United Kingdom,69‚-000
Jojo Maman ,http://www.jojomamanbebe.co.uk/,http://www.linkedin.com/company/jojo-maman-bebe,Retail,United Kingdom,660
Joules,http://www.joules.com/,http://www.linkedin.com/company/joules,Retail,United Kingdom,970
JYSK,http://www.jysk.com/,http://www.linkedin.com/company/jysk,Retail,Denmark,31‚-000
K bygg,https://k-bygg.se/,https://www.linkedin.com/company/k-bygg/,Retail,Sweden,
Karkkainen,http://www.karkkainen.com/,http://www.linkedin.com/company/karkkainen,Retail,Finland,210
Kaufland,http://www.kaufland.com/,https://www.linkedin.com/company/kauflandecommerce/,Retail,Germany,155‚-000
Kent Building Supplies,http://www.kent.ca/,http://www.linkedin.com/company/kent-building-supplies,Retail,Canada,3‚-700
Klarstein,https://www.klarstein.fr/,https://fr-fr.facebook.com/KLARSTEIN.France/,Retail,Germany,
Kmart,http://www.kmart.com/,http://www.linkedin.com/company/kmart,Retail,United States,20‚-000
Kohl's,http://www.kohls.com/,http://www.linkedin.com/company/kohls-department-stores,Retail,United States,87‚-000
Kwantum,https://www.kwantum.nl/,http://www.linkedin.com/company/kwantum,Retail,Netherlands,1‚-700
La Foir'Fouille,http://www.lafoirfouille.fr/,http://www.linkedin.com/company/la-foir'fouille,Retail,France,1‚-500
La Maison Simons,http://www.simons.ca/,http://www.linkedin.com/company/maisonsimons,Retail,Canada,1‚-600
La Redoute,http://www.laredoute.com/,http://www.linkedin.com/company/la-redoute,Retail,France,2‚-000
Lapeyre,http://www.lapeyre.fr/,http://www.linkedin.com/company/lapeyre,Retail,France,2‚-900
Leekes,http://www.leekes.co.uk/,http://www.linkedin.com/company/leekes,Retail,United Kingdom,240
Lidl in Germany,http://www.lidl.de/,http://www.linkedin.com/company/lidl-in-deutschland,Retail,Germany,100‚-000
Lowe's Companies Inc.,http://www.lowes.com/,http://www.linkedin.com/company/lowe's-home-improvement,Retail,United States,161‚-000
Macy's,http://www.macys.com/,http://www.linkedin.com/company/macy,Retail,United States,81‚-000
Magasins Hart Stores,http://www.hartstores.com/,http://www.linkedin.com/company/hart-stores,Retail,Canada,570
Maisons du Monde,http://www.maisonsdumonde.com/,http://www.linkedin.com/company/maisons-du-monde,Retail,France,5‚-600
Mamas & Papas,http://www.mamasandpapas.com/,uk.linkedin.com/company/mamas-&-papas,Retail,United Kingdom,860
Manufactum Group,http://www.manufactum.de/,http://www.linkedin.com/company/manufactum-gmbh-&-co-kg,Retail,Germany,700
Matalan,http://www.matalan.co.uk/,http://www.linkedin.com/company/matalan,Retail,United Kingdom,11‚-000
Maxbo,http://www.maxbo.no/,http://www.linkedin.com/company/lovenskiold-handel-as,Retail,Norway,300
Maxi Bazar,http://www.maxibazar.fr/,http://www.linkedin.com/company/maxi-bazar,Retail,France,290
Media Expert - Terg,http://www.mediaexpert.pl/,http://www.linkedin.com/company/kariera-media-expert,Retail,Poland,3‚-100
Megaflis AS,http://www.megaflis.no/,http://www.linkedin.com/company/megaflis-as,Retail,Norway,540
Megatek S.A,http://www.megateksa.com/,http://www.linkedin.com/company/megatek-s-a,Retail,Albania,460
Merkur,http://www.merkur.si/,http://www.linkedin.com/company/merkur,Retail,Slovenia,550
Metro Italia,http://www.metro.it/,http://www.linkedin.com/company/metro-italia,Retail,Italy,4‚-000
Moi,http://www.moii.com/,http://www.linkedin.com/company/moiinc,Retail,United States,2‚-500
Mr.Bricolage,http://www.mr-bricolage.com/,http://www.linkedin.com/company/mr-bricolage,Retail,France,530
Mrprice Branded Bargains,http://www.mrprice.ie/,https://www.linkedin.com/company/mrpricebrandedbargains/?originalSubdomain=ie,Retail,Ireland,390
Muji U.S.A. Limited,http://www.muji.us/,http://www.linkedin.com/company/muji-u.s.a.-limited,Retail,United States,340
Nebraska Furniture Mart,http://www.nfm.com/,http://www.linkedin.com/company/nebraska-furniture-mart,Retail,United States,5‚-000
Netto Marken-Discount,http://www.netto-online.de/,https://www.linkedin.com/company/netto-marken-discount/,Retail,Germany,83‚-000
Next,https://www.next.co.uk/,https://www.linkedin.com/company/lifeatnext/,Retail,United Kingdom,10000
Nordstrom,http://www.nordstrom.com/,http://www.linkedin.com/company/nordstrom,Retail,United States,55‚-000
Notcutts Ltd.,http://www.notcutts.co.uk/,http://www.linkedin.com/company/notcutts-ltd-,Retail,United Kingdom,1‚-100
Novey Panamá,http://www.novey.com.pa/,http://www.linkedin.com/company/novey-panama,Retail,United States,430
Ocean State Job Lot,http://www.oceanstatejoblot.com/,http://www.linkedin.com/company/ocean-state-job-lot,Retail,United States,5‚-600
Office Depot,http://www.officedepot.com/,http://www.linkedin.com/company/office-depot,Retail,United States,33‚-000
Okay,http://www.okay.cz/,http://www.linkedin.com/company/okaycz,Retail,Czech Republic,310
Overstock,http://www.overstock.com/,http://www.linkedin.com/company/overstock,Retail,United States,1‚-100
Patrick Morin,http://www.patrickmorin.com/,http://www.linkedin.com/company/patrickmorin,Retail,Canada,1‚-200
Pearl (Versandhandel),https://www.pearl.fr/,https://www.facebook.com/settings?tab=ads,Retail,France,
Pier 1,http://www.pier1.com/,http://www.linkedin.com/company/pier-1-imports,Retail,United States,18‚-000
Pigu.Lt,http://www.pigu.lt/,http://www.linkedin.com/company/pigu-lt,Retail,Lithuania,420
Plantagen,https://plantagen.se/en,http://www.linkedin.com/company/plantagen,Retail,Sweden,540
Plow & Hearth,http://www.plowandhearth.com/,http://www.linkedin.com/company/plow-&-hearth,Retail,United States,510
Poco,https://www.poco.de/,https://www.linkedin.com/company/poco-einrichtungsm%C3%A4rkte-gmbh,Retail,Germany,"5,000-10,000"
Praktiker,http://www.praktiker.hu/,https://www.linkedin.com/company/praktiker/,Retail,Hungary,1‚-800
Pricesmart,http://www.pricesmart.com/,http://www.linkedin.com/company/pricesmart,Retail,United States,12‚-000
Progressive Leasing,https://progleasing.com/,https://www.linkedin.com/company/progressive-leasing,Retail,United States,
Quince,http://www.quince.com/,http://www.linkedin.com/company/onequince,Retail,United States,1‚-600
Qvc Deutschland,https://www.qvc.de/,https://www.linkedin.com/company/qvc-deutschland,Retail,Germany,"1,000-5,000"
Rc Willey,http://www.rcwilley.com/,http://www.linkedin.com/company/rc-willey,Retail,United States,4‚-400
Rent-A-Center,http://www.rentacenter.com/,http://www.linkedin.com/company/rent-a-center,Retail,United States,15‚-000
Retif,https://www.retif.eu/,https://www.linkedin.com/company/retif,Retail,France,"501—1,000"
Rinascente,http://www.rinascente.it/,http://www.linkedin.com/company/rinascente,Retail,Italy,1‚-700
Robert Dyas,http://www.robertdyas.co.uk/,http://www.linkedin.com/company/robert-dyas,Retail,United Kingdom,1‚-300
Sam's Club,http://www.samsclub.com/,http://www.linkedin.com/company/sam's-club,Retail,United States,47‚-000
Sears Stores,http://www.linkedin.com/company/sears-stores,https://facebook.com/sears,Retail,United States,16‚-000
Sherman's,http://www.shermansnow.com/,http://www.linkedin.com/company/shermansnow,Retail,United States,270
Sklepy Komfort S.A.,http://www.komfort.pl/,http://www.linkedin.com/company/komfort,Retail,Poland,610
Spotlight Ltd,http://www.spotlightstores.com/,http://www.linkedin.com/company/spotlightstores,Retail,Australia,7‚-500
Squire's Garden Centres,http://www.squiresgardencentres.co.uk/,http://www.linkedin.com/company/squire's-garden-centres,Retail,United Kingdom,290
Studio Retail Limited,http://www.studio.co.uk/,http://www.linkedin.com/company/studio-retail-limited,Retail,United Kingdom,320
Tanguay,http://www.tanguay.ca/,http://www.linkedin.com/company/tanguay,Retail,Canada,1‚-300
Target,http://www.target.com/,http://www.linkedin.com/company/target,Retail,United States,440‚-000
"Tesco Stores Cr, a.s.",http://www.itesco.cz/,http://www.linkedin.com/company/tesco-czech-republic,Retail,Czech Republic,1‚-500
The Brick,http://www.thebrick.com/,http://www.linkedin.com/company/the-brick,Retail,Canada,5‚-300
The Container Store,http://www.containerstore.com/,http://www.linkedin.com/company/the-container-store,Retail,United States,2‚-000
The Home Depot,http://www.homedepot.com/,http://www.linkedin.com/company/the-home-depot,Retail,United States,470‚-000
The Range,http://www.therange.co.uk/,http://www.linkedin.com/company/the-range,Retail,United Kingdom,15‚-000
Trévi,http://www.trevi.com/,http://www.linkedin.com/company/tr-vi,Retail,Canada,560
Tradepoint UK,https://www.trade-point.co.uk/,https://www.linkedin.com/company/tradepoint-uk,Retail,United Kingdom,"1,001—5,000"
Truffaut,http://www.truffaut.com/,http://www.linkedin.com/company/truffaut,Retail,France,2‚-900
Tuesday Morning,http://www.tuesdaymorning.com/,http://www.linkedin.com/company/tuesday-morning,Retail,United States,1‚-700
Veepee,http://www.veepee.fr/,http://www.linkedin.com/company/veepee,Retail,France,5‚-800
vidaXL,http://www.vidaxl.com/,http://www.linkedin.com/company/woger-trading-b.v.,Retail,Netherlands,1‚-100
Viking Direct,https://www.viking-direct.co.uk/,https://www.linkedin.com/company/vikinguk,Retail,United Kingdom,
Virgin Megastore,https://www.virginmegastore.ae/,https://www.facebook.com/virginmena/,Retail,United Kingdom,"501—1,000"
W.B. Mason Company Inc.,http://www.wbmason.com/,http://www.linkedin.com/company/wb-mason,Retail,United States,5‚-000
Walmart,http://www.walmart.com/,http://www.linkedin.com/company/walmart,Retail,United States,2.1M
Weldom,http://www.weldom.fr/,http://www.linkedin.com/company/weldom,Retail,France,1‚-600
Westlake Ace Hardware,http://www.westlakehardware.com/,http://www.linkedin.com/company/westlake-hardware,Retail,United States,830
Wickes,http://www.wickes.co.uk/,http://www.linkedin.com/company/wickes,Retail,United Kingdom,6‚-700
Woodie's,https://www.woodies.ie/,https://www.facebook.com/WoodiesIE,Retail,Ireland,"1,001—5,000"
Woolworths Supermarkets,http://www.woolworths.com.au/,http://www.linkedin.com/company/woolworths-supermarkets,Retail,Australia,25‚-000
World Market,http://www.worldmarket.com/,http://www.linkedin.com/company/cost-plus-world-market,Retail,United States,4‚-000
4MURS,http://www.4murs.com/,http://www.linkedin.com/company/4murs,Decor,France,220
Aeg,https://www.aeg.fr/,https://www.facebook.com/AEG,Kitchen & Bath,France,
Alessi,http://www.alessi.com/,http://www.linkedin.com/company/alessi,Decor,Italy,350
Ardmore Home ,https://www.ardmore-design.com/pages/home-collections?srsltid=AfmBOorsG4WKI-E1NoH1ygGNuC1zWwwXrxIPyfQSqvkKCtjIDfKdUNNn,https://www.linkedin.com/company/ardmore-home-design-inc/,Decor,United States,200-500
Arredo3,http://www.arredo3.it/,http://www.linkedin.com/company/arredo3,Kitchen & Bath,Italy,320
Ballingslöv AB,http://www.ballingslov.se/,http://www.linkedin.com/company/ballingsl%c3%b6v-ab,Kitchen & Bath,Sweden,240
Beacon Lighting,http://www.beaconlighting.com.au/,http://www.linkedin.com/company/beacon-lighting,Lighting,Australia,1‚-200
Bed Bath N' Table,http://www.bedbathntable.com.au/,http://www.linkedin.com/company/bed-bath-n-table,Decor,Australia,610
Bertch Cabinets,http://www.bertch.com/,http://www.linkedin.com/company/bertch-cabinets,Kitchen & Bath,United States,720
Bouchara,http://www.bouchara.com/,http://www.linkedin.com/company/bouchara,Decor,France,210
burgbad AG,http://www.burgbad.de/,http://www.linkedin.com/company/burgbad-gmbh,Kitchen & Bath,Germany,700
Butlers GmbH & Co. KG,https://www.butlers.com/,https://www.linkedin.com/company/butlers-gmbh-&-co-kg,Decor,Germany,"501—1,000"
Cabinets to Go,http://www.cabinetstogo.com/,http://www.linkedin.com/company/cabinets-to-go,Kitchen & Bath,United States,400
Cath Kidston,http://www.cathkidston.hk/,http://www.linkedin.com/company/cath-kidston,Decor,United Kingdom,220
City Plumbing,http://www.cityplumbing.co.uk/,http://www.linkedin.com/company/cityplumbing,Kitchen & Bath,United Kingdom,2‚-600
DEGHI,http://www.deghi.it/,http://www.linkedin.com/company/deghi,Kitchen & Bath,Italy,450
Delta Faucet Company,https://www.deltafaucet.com/,https://www.linkedin.com/company/delta-faucet-company/,Kitchen & Bath,United States,
Dille & Kamille,http://www.dille-kamille.nl/,http://www.linkedin.com/company/dilleenkamille,Decor,Netherlands,350
Easy Bathrooms,http://www.easybathrooms.com/,http://www.linkedin.com/company/easy-bathrooms,Kitchen & Bath,United Kingdom,410
Espace Aubade,http://www.espace-aubade.fr/,http://www.linkedin.com/company/espace-aubade,Kitchen & Bath,France,3‚-000
Ferguson,http://www.ferguson.com/,http://www.linkedin.com/company/ferguson-official,Kitchen & Bath,United States,21‚-000
Flos,http://www.flos.com/,http://www.linkedin.com/company/flos,Lighting,Italy,730
Frette,http://www.frette.com/,http://www.linkedin.com/company/frette,Decor,Italy,430
Ge Appliance,https://geappliances.ca/,https://www.linkedin.com/company/geappliancescanada,Kitchen & Bath,Canada,
Harrison Spinks,https://www.harrisonspinks.com/na/,https://www.linkedin.com/company/harrison-spinks/,Bedding,United Kingdom,700
Harry Corry,https://www.harrycorry.com/,https://www.linkedin.com/company/harry-corry-limited,Decor,United Kingdom,"501—1,000"
Hemtex AB,http://www.hemtex.se/,http://www.linkedin.com/company/hemtex-ab,Decor,Sweden,660
home&you S.A.,http://www.home-you.com/,http://www.linkedin.com/company/home-you,Decor,Poland,240
Illums Bolighus,http://www.illumsbolighus.dk/,http://www.linkedin.com/company/illums-bolighus,Decor,Denmark,310
Joy,http://www.joythestore.com/,http://www.linkedin.com/company/joy_3,Decor,United Kingdom,780
Kid Interiør,http://www.kid.no/,http://www.linkedin.com/company/kid-interi%c3%b8r,Decor,Norway,300
Kludi GmbH & Co. KG,https://kludi.com/,https://www.linkedin.com/company/kludigroup,Kitchen & Bath,Germany,
Kohler,https://www.kohler.com/en,https://www.linkedin.com/company/kohler/,Kitchen & Bath,United States,"> 10,000"
Kravet,http://www.kravet.com/,http://www.linkedin.com/company/kravet,Decor,United States,610
Kremmerhuset,http://www.kremmerhuset.no/,http://www.linkedin.com/company/kremmerhuset-ting-&-s%c3%a5nt,Decor,Norway,680
Kvik A/S,http://www.kvik.com/,http://www.linkedin.com/company/kvik-as,Kitchen & Bath,Denmark,580
Lagerhaus AB,http://www.lagerhaus.se/,http://www.linkedin.com/company/lagerhaus-ab,Decor,Sweden,370
Lampehuset,http://www.lampehuset.no/,http://www.linkedin.com/company/lampehuset,Lighting,Norway,350
Lamps Plus,http://www.lampsplus.com/,http://www.linkedin.com/company/lamps-plus,Lighting,United States,740
Lampus Plus,https://www.lampsplus.com/,https://www.linkedin.com/company/lamps-plus/,Lighting,United States,"1,000-5,000"
Laura Ashley,http://www.lauraashleyusa.com/,http://www.linkedin.com/company/lauraashleyuk,Decor,United Kingdom,800
Les Jardins,http://www.lesjardins.com/,http://www.linkedin.com/company/les-jardins%c2%ae,Lighting,France,490
Linen Chest,http://www.linenchest.com/,http://www.linkedin.com/company/linen-chest,Decor,Canada,670
Louis Poulsen,http://www.louispoulsen.com/,http://www.linkedin.com/company/louis-poulsen-lighting,Lighting,Denmark,510
MacKenzie-Childs LLC,http://www.mackenzie-childs.com/,http://www.linkedin.com/company/mackenzie-childs-llc,Decor,United States,260
Madura Home Decoration,http://www.madura.com/,http://www.linkedin.com/company/madura,Decor,France,240
Maillard Espace Aubade,http://www.maillard.fr/,http://www.linkedin.com/company/maillard-espace-aubade,Kitchen & Bath,France,230
Moen,https://www.moen.com/,https://www.linkedin.com/company/moen-incorporated/,Kitchen & Bath,United States,"1,000-5,000"
Mud Pie LLC.,http://www.mudpie.com/,http://www.linkedin.com/company/mud-pie-llc,Decor,United States,250
Nanu-Nana,http://www.nanu-nana.de/,http://www.linkedin.com/company/nanu-nana,Decor,Germany,390
Nordic Nest Group,http://www.nordicnest.com/,http://www.linkedin.com/company/scandinavian-design-center,Decor,Sweden,380
Nourison Home,https://www.nourison.com/,https://www.linkedin.com/company/nourison/,Lighting,United States,"500-1,000"
Online Home Shop,http://www.onlinehomeshop.com/,http://www.linkedin.com/company/online-home-shop,Decor,United Kingdom,680
Pillow Talk Australia,http://www.pillowtalk.com.au/,http://www.linkedin.com/company/pillow-talk-australia,Decor,Australia,300
Poggenpohl,http://www.poggenpohl.com/,http://www.linkedin.com/company/poggenpohl,Kitchen & Bath,Germany,290
Porcelanosa,http://www.porcelanosa.com/,http://www.linkedin.com/company/porcelanosa,Kitchen & Bath,Spain,4‚-000
Prm - Paula Rosa Manhattan,http://www.prmf.co.uk/,http://www.linkedin.com/company/prmkitchens,Kitchen & Bath,United Kingdom,240
Provincial Home Living,http://www.provincialhomeliving.com.au/,http://www.linkedin.com/company/provincial-home-living,Decor,Australia,370
Santos,http://www.santos.es/,http://www.linkedin.com/company/santos,Kitchen & Bath,Spain,400
Scavolini S.P.A.,http://www.scavolini.com/,http://www.linkedin.com/company/grupo-malasa,Kitchen & Bath,Italy,610
Serta Simmons ,https://www.sertasimmons.com/,https://www.linkedin.com/company/serta-simmons-bedding-llc/,Bedding,United States,"1,000-5,000"
Snaidero Cucine,http://www.snaidero.com/,http://www.linkedin.com/company/snaidero-cucine,Kitchen & Bath,Italy,210
Sostrene Grene,http://www.sostrenegrene.com/,http://www.linkedin.com/company/sostrene-grenes-import-a-s,Decor,Denmark,1‚-800
Sur la Table,http://www.surlatable.com/,http://www.linkedin.com/company/sur-la-table,Kitchen & Bath,United States,1‚-600
Svane Køkkenet,http://www.svane.com,http://www.linkedin.com/company/svane-kokkenet,Kitchen & Bath,Denmark,340
Svedbergs,http://www.svedbergs.se/,http://www.linkedin.com/company/svedbergs,Kitchen & Bath,Sweden,550
Tcm Group A/S,http://www.tcmgroup.dk/,http://www.linkedin.com/company/tcmgroup,Kitchen & Bath,Denmark,490
The Kellogg Collection,http://www.kelloggcollection.com/,http://www.linkedin.com/company/the-kellogg-collection,Decor,United States,340
The White Company,http://www.thewhitecompany.com/,http://www.linkedin.com/company/the-white-company,Decor,United Kingdom,2‚-000
Visual Comfort & Co.,http://www.visualcomfort.com/,http://www.linkedin.com/company/visual-comfort-&-co,Lighting,United States,1‚-400
Visual Comfort & Co. (Formerly Circa Lighting),http://www.cir.ca/,http://www.linkedin.com/company/visual-comfort,Lighting,United States,1‚-200
Voltex,http://www.voltex.fr/,http://www.linkedin.com/company/voltex,Lighting,France,300
Waterworks,http://www.waterworks.com/,http://www.linkedin.com/company/waterworks,Kitchen & Bath,United States,900